female,Probability,SE,CI_low,CI_high
Male,0.1711074657643437,0.008439911143541517,0.1504495515790135,0.19395429678990334
Female,0.16210692119610182,0.008512100939071678,0.14135795854292973,0.18524442067847313
