non_white,Probability,SE,CI_low,CI_high
White,0.1734612517447058,0.00832630037360197,0.1530492390505166,0.19596570601440294
PoC,0.15987740572652734,0.008731298925196912,0.13864581410240234,0.18366702850365466
