new_member,Probability,SE,CI_low,CI_high
Experienced,0.182472002647389,0.008628053661011747,0.161288857882863,0.20575475375760066
Freshman,0.15177526932501553,0.00878828344486256,0.13049589968269623,0.1758229120785327
