type,Probability,SE,CI_low,CI_high
Representative,0.1574654233727542,0.007636921543728695,0.13877738326513905,0.17814946381932178
Senator,0.17606704888981753,0.009507632443252055,0.15289897291443286,0.2019089266103145
